{"campaign":{"id":"7","name":"aaaaaaaa","verify_number":"3","landing_page":"aaaaaaaaa","btn_text":"Verifyaaaaaaaaaaa","custom_css":"aaaaaaaa"},"groups":[{"id":"68","group_name":"asdsa","campaign_id":"7","type":"3","keyword_list":"","comment_list":"asdasd\r\nasdasdfsdas\r\nasdasdsxc\r\nasdsad","channel":null,"url":"https%3A%2F%2Fwww.youtube.com%2Fwatch%3Fv%3DgPK1aBwSHHI","custom_html":""},{"id":"67","group_name":"sdd","campaign_id":"7","type":"3","keyword_list":"","comment_list":"123\r\n2353123\r\n12312","channel":"","url":"https%3A%2F%2Fwww.youtube.com%2Fwatch%3Fv%3DFKB_jQWiw88","custom_html":""},{"id":"66","group_name":"custom 1 1","campaign_id":"7","type":"5","keyword_list":"","comment_list":"custom 1 1","channel":null,"url":"","custom_html":"custom 1 1"},{"id":"65","group_name":"custom 1","campaign_id":"7","type":"5","keyword_list":"","comment_list":"custom comment 1\r\ncustom comment 2\r\ncustom comment 3\r\ncustom comment 4","channel":null,"url":"","custom_html":"custom html 1"}],"settings":[{"id":"61","campaign_id":"7","type":"3","key":"items_number","value":"5"},{"id":"62","campaign_id":"7","type":"3","key":"header_html","value":"<label>Spec video<\/label>"},{"id":"63","campaign_id":"7","type":"4","key":"items_number","value":"5"},{"id":"64","campaign_id":"7","type":"4","key":"header_html","value":""},{"id":"69","campaign_id":"7","type":"5","key":"items_number","value":"5"},{"id":"70","campaign_id":"7","type":"5","key":"header_html","value":"<label>Custom Header 1<\/label>"},{"id":"71","campaign_id":"7","type":"6","key":"items_number","value":"5"},{"id":"72","campaign_id":"7","type":"6","key":"header_html","value":"<label>Custom Header 2<\/label>"},{"id":"73","campaign_id":"7","type":"7","key":"items_number","value":"0"},{"id":"74","campaign_id":"7","type":"7","key":"header_html","value":"<label>Custom Header 3<\/label>"}]}